{
  "SMILES+Text\u2192SMILES": {
    "validity": 0.8476063486517427,
    "uniqueness": 0.779215517882105,
    "novelty": 0.6800968890537499,
    "bleu": 0.6236801838612697,
    "exact_match": 0.3088367516690431,
    "levenshtein": 0.6870294427607451,
    "maccs_similarity": 0.7583368226238909,
    "morgan_similarity": 0.8365212140044912,
    "rdk_similarity": 0.8992222849931719,
    "fcd": 3.371358590048464
  },
  "SMILES+Text\u2192Graph": {
    "validity": 0.7370449695820229,
    "uniqueness": 0.6914534635930237,
    "novelty": 0.7001115763561805,
    "bleu": 0.4912731859300883,
    "exact_match": 0.32775838124696643,
    "levenshtein": 0.698881054987238,
    "maccs_similarity": 0.665201003337761,
    "morgan_similarity": 0.7177911977301984,
    "rdk_similarity": 0.7854461616248528,
    "fcd": 2.7964987692164245
  },
  "SMILES+Text\u2192Image": {
    "validity": 0.7105771648188177,
    "uniqueness": 0.770455453648666,
    "novelty": 0.5395699064384691,
    "bleu": 0.6102197015910096,
    "exact_match": 0.2545045349413242,
    "levenshtein": 0.5416742434427156,
    "maccs_similarity": 0.7446718025298612,
    "morgan_similarity": 0.693066100755623,
    "rdk_similarity": 0.7089404358848999,
    "fcd": 4.0619658320950744
  },
  "Graph+Text\u2192SMILES": {
    "validity": 0.7041917710814214,
    "uniqueness": 0.6591053816478978,
    "novelty": 0.5913352857733646,
    "bleu": 0.3824811132240107,
    "exact_match": 0.23165098786402674,
    "levenshtein": 0.6851227530725601,
    "maccs_similarity": 0.6876081711812163,
    "morgan_similarity": 0.7982370690959089,
    "rdk_similarity": 0.778229888714228,
    "fcd": 2.24685381976567
  },
  "Graph+Text\u2192Graph": {
    "validity": 0.8341952338937498,
    "uniqueness": 0.892871382811693,
    "novelty": 0.5036217270264336,
    "bleu": 0.5106571442383211,
    "exact_match": 0.2597487775150618,
    "levenshtein": 0.7030288722829668,
    "maccs_similarity": 0.8138456079821706,
    "morgan_similarity": 0.8785041353647416,
    "rdk_similarity": 0.8952062643614412,
    "fcd": 3.543740128971233
  },
  "Graph+Text\u2192Image": {
    "validity": 0.7161698596186624,
    "uniqueness": 0.7286982257002556,
    "novelty": 0.5364420866668758,
    "bleu": 0.3675523705515272,
    "exact_match": 0.20670205740895217,
    "levenshtein": 0.5724275127055863,
    "maccs_similarity": 0.7792225903982575,
    "morgan_similarity": 0.7790303419685572,
    "rdk_similarity": 0.7358390166778128,
    "fcd": 2.91424074986168
  },
  "Image+Text\u2192SMILES": {
    "validity": 0.8006096943913159,
    "uniqueness": 0.6870119076586094,
    "novelty": 0.7291741710679984,
    "bleu": 0.359723484354369,
    "exact_match": 0.19586978521948106,
    "levenshtein": 0.6054689792705906,
    "maccs_similarity": 0.7328964923631087,
    "morgan_similarity": 0.691483457231023,
    "rdk_similarity": 0.7337379647191354,
    "fcd": 3.478038540197388
  },
  "Image+Text\u2192Graph": {
    "validity": 0.735227154753029,
    "uniqueness": 0.7583246024750898,
    "novelty": 0.5204941118775656,
    "bleu": 0.3768388650208697,
    "exact_match": 0.16813885857808547,
    "levenshtein": 0.759638522002827,
    "maccs_similarity": 0.7893715127881231,
    "morgan_similarity": 0.6978780789287284,
    "rdk_similarity": 0.7287413583999369,
    "fcd": 2.6762178146964315
  },
  "Image+Text\u2192Image": {
    "validity": 0.8292657131236367,
    "uniqueness": 0.8896973177762196,
    "novelty": 0.6604450048350301,
    "bleu": 0.4055334242592224,
    "exact_match": 0.34834222488069855,
    "levenshtein": 0.7889984104912073,
    "maccs_similarity": 0.7781126591064629,
    "morgan_similarity": 0.8536204582729833,
    "rdk_similarity": 0.8851258053110077,
    "fcd": 4.350235950199986
  }
}