input,output,validity,uniqueness,novelty,bleu,exact_match,levenshtein,maccs_similarity,morgan_similarity,rdk_similarity,fcd
SMILES,SMILES,0.8476063486517427,0.779215517882105,0.6800968890537499,0.6236801838612697,0.3088367516690431,0.6870294427607451,0.7583368226238909,0.8365212140044912,0.8992222849931719,3.371358590048464
SMILES,Graph,0.7370449695820229,0.6914534635930237,0.7001115763561805,0.4912731859300883,0.32775838124696643,0.698881054987238,0.665201003337761,0.7177911977301984,0.7854461616248528,2.7964987692164245
SMILES,Image,0.7105771648188177,0.770455453648666,0.5395699064384691,0.6102197015910096,0.2545045349413242,0.5416742434427156,0.7446718025298612,0.693066100755623,0.7089404358848999,4.0619658320950744
Graph,SMILES,0.7041917710814214,0.6591053816478978,0.5913352857733646,0.3824811132240107,0.23165098786402674,0.6851227530725601,0.6876081711812163,0.7982370690959089,0.778229888714228,2.24685381976567
Graph,Graph,0.8341952338937498,0.892871382811693,0.5036217270264336,0.5106571442383211,0.2597487775150618,0.7030288722829668,0.8138456079821706,0.8785041353647416,0.8952062643614412,3.543740128971233
Graph,Image,0.7161698596186624,0.7286982257002556,0.5364420866668758,0.3675523705515272,0.20670205740895217,0.5724275127055863,0.7792225903982575,0.7790303419685572,0.7358390166778128,2.91424074986168
Image,SMILES,0.8006096943913159,0.6870119076586094,0.7291741710679984,0.359723484354369,0.19586978521948106,0.6054689792705906,0.7328964923631087,0.691483457231023,0.7337379647191354,3.478038540197388
Image,Graph,0.735227154753029,0.7583246024750898,0.5204941118775656,0.3768388650208697,0.16813885857808547,0.759638522002827,0.7893715127881231,0.6978780789287284,0.7287413583999369,2.6762178146964315
Image,Image,0.8292657131236367,0.8896973177762196,0.6604450048350301,0.4055334242592224,0.34834222488069855,0.7889984104912073,0.7781126591064629,0.8536204582729833,0.8851258053110077,4.350235950199986
