{
  "smiles": {
    "modality": "smiles",
    "model_loaded": true,
    "file_size_gb": 5.5702472142875195,
    "parameters": 1514,
    "\u8bad\u7ec3\u6b65\u6570": 672,
    "\u6700\u4f73\u9a8c\u8bc1\u635f\u5931": "5.0996",
    "\u8bad\u7ec3\u8f6e\u6570": 0
  },
  "graph": {
    "modality": "graph",
    "model_loaded": true,
    "file_size_gb": 5.564395514316857,
    "parameters": 1514,
    "\u8bad\u7ec3\u6b65\u6570": 5000,
    "\u6700\u4f73\u9a8c\u8bc1\u635f\u5931": "inf",
    "\u8bad\u7ec3\u8f6e\u6570": 0
  },
  "image": {
    "modality": "image",
    "model_loaded": true,
    "file_size_gb": 5.574677479453385,
    "parameters": 1514,
    "\u8bad\u7ec3\u6b65\u6570": 4000,
    "\u6700\u4f73\u9a8c\u8bc1\u635f\u5931": "inf",
    "\u8bad\u7ec3\u8f6e\u6570": 0
  }
}