{
  "exact_match": 0.25,
  "exact_match_count": 25,
  "mean_levenshtein_distance": 39.51,
  "std_levenshtein_distance": 79.97980932710455,
  "median_levenshtein_distance": 3.0,
  "mean_normalized_levenshtein": 0.41690979138472967,
  "std_normalized_levenshtein": 0.4126581995297237,
  "min_levenshtein_distance": 0,
  "max_levenshtein_distance": 555,
  "MORGAN_FTS_mean": 0.4789376983313647,
  "MORGAN_FTS_std": 0.4350453013931296,
  "MORGAN_FTS_median": 0.19969278033794163,
  "MORGAN_FTS_min": 0.0,
  "MORGAN_FTS_max": 1.0,
  "MORGAN_FTS_valid_pairs": 98,
  "MACCS_FTS_mean": 0.5734349468939192,
  "MACCS_FTS_std": 0.40278297500673327,
  "MACCS_FTS_median": 0.47339660626977276,
  "MACCS_FTS_min": 0.0,
  "MACCS_FTS_max": 1.0,
  "MACCS_FTS_valid_pairs": 98,
  "RDKIT_FTS_mean": 0.4789376983313647,
  "RDKIT_FTS_std": 0.4350453013931296,
  "RDKIT_FTS_median": 0.19969278033794163,
  "RDKIT_FTS_min": 0.0,
  "RDKIT_FTS_max": 1.0,
  "RDKIT_FTS_valid_pairs": 98,
  "fcd_score": 0.0,
  "fcd_available": false
}