{
  "validity": 0.8571428571428571,
  "uniqueness": 1.0,
  "novelty": 0.5,
  "bleu": 0.6944203565484203,
  "exact_match": 0.42857142857142855,
  "levenshtein": 0.7194303153780615,
  "maccs_similarity": 0.8596097161141848,
  "morgan_similarity": 0.6303247217276504,
  "rdk_similarity": 0.7281881920454012,
  "total_samples": 7,
  "valid_samples": 6,
  "success_rate": 0.8571428571428571
}